{"cameraMode":{"drawMode":0,"name":"Shaded","section":"Shading Mode"},"sceneLighting":true,"audioPlay":false,"sceneViewState":{"showFog":false,"showMaterialUpdate":true,"showSkybox":true,"showFlares":true,"showImageEffects":true,"showParticleSystems":true},"in2DMode":false,"pivot":{"x":-0.5433743000030518,"y":0.5444947481155396,"z":-5.837613105773926},"rotation":{"x":-0.00403092335909605,"y":0.988676905632019,"z":-0.0270074550062418,"w":-0.1476030945777893},"size":4.680697441101074,"orthographic":false}